0,1,2,3,counts
tyris-software.com,,,,1
tyris-software.com,academy,,,1
tyris-software.com,comments,feed,,1
tyris-software.com,contacto,,,1
tyris-software.com,contacto-2,,,1
tyris-software.com,coste-plataforma-ott,,,1
tyris-software.com,en,,,1
tyris-software.com,feed,,,1
tyris-software.com,industria,,,1
tyris-software.com,laboratorio,,,1
tyris-software.com,negocio,,,1
tyris-software.com,newsletter,,,1
tyris-software.com,noticias,,,1
tyris-software.com,servicios,,,1
tyris-software.com,television,,,1
tyris-software.com,terminos-y-condiciones,,,1
tyris-software.com,unete-al-equipo-tyris,,,1
tyris-software.com,wp-content,plugins,complianz-gdpr,1
tyris-software.com,wp-content,plugins,elementor,9
tyris-software.com,wp-content,plugins,elementor-pro,1
tyris-software.com,wp-content,plugins,essential-addons-for-elementor-lite,1
tyris-software.com,wp-content,plugins,fluentform,1
tyris-software.com,wp-content,plugins,header-footer-elementor,2
tyris-software.com,wp-content,plugins,navmenu-addon-for-elementor,1
tyris-software.com,wp-content,plugins,ocean-extra,1
tyris-software.com,wp-content,themes,oceanwp,3
tyris-software.com,wp-content,uploads,2019,3
tyris-software.com,wp-content,uploads,elementor,4
tyris-software.com,wp-content,uploads,oceanwp,1
tyris-software.com,wp-includes,css,dist,2
tyris-software.com,wp-includes,wlwmanifest.xml,,1
tyris-software.com,wp-json,,,1
tyris-software.com,wp-json,oembed,1.0,2
tyris-software.com,wp-json,wp,v2,1
tyris-software.com,xmlrpc.php?rsd,,,1
